A,B,bar,foo
one,A,0.20697752419809606,-1.3305748186443451
one,B,-0.7614587141006773,-0.057766356090476444
one,C,-0.958076945435328,-0.7113585298480403
three,A,0.7606732325579598,
three,B,,-0.18627328423751688
three,C,0.6024118997494291,
two,A,,0.641420129828951
two,B,1.7912787478155674,
two,C,,-0.09184213942495287
